Eng,Chi
LAU Pik Ki,劉碧琪
Rachel Freeman,Rachel Freeman
Augustine MOK,莫昭如
MOK Chiu Yu,莫昭如
yuenjie(MARU),丸仔
Joan CAMPBELL,鍾金寶
Ronly Kong,鄺韻儀
Carol Lee,李嘉燕
Vicky Man,文慧琦
Jody Nip,聶曉晴
Mrs Christine Liao,廖本懷夫人毛妹太平紳士
JP,
FHKAPA,
Fanny Cheng,鄭銘恩
Sylvia Lee,李婷炘
Fok Ka Wing,霍嘉頴
Stage,舞台
Bill Cheung,服裝
Gary Ng,張正和
Sincere Li,伍在朗
,李善思
,曾詠詩
,鄭慧瑩
Cyrus,
,王廷琳
,麥秀慧
,黃茹
Chan Winky,仇詠詩
,麥蓮莤
Chung Wing Yin,鍾詠賢
Leung Ki Fun,梁其芬
Hedy Tang,鄧凱蒂
Ong Yog Lock,王榮祿
Wong Tim Keung,王添強
VIVIAN KWOK,郭慧芸
Lai Siu Ling,黎少玲
Victor Ma Choi Wo,馬才和
Victor Ma Choi Wo & Mok Chiu Yu,馬才和 & 莫昭如
Victor Ma Choi  Wo,馬才和
Victor Ma Choi Wo &  Jacek Luminski_,馬才和 & 林恩積
Mr. Andy Wong,王廷琳
Chau Chuen Fai,周全輝
,汪巧珊
,張文清
To Siu Leung,杜紹樑
Surianty,
Mabel FONG,方心媛
Graeme Collins,高家霖
Dam Van Huynh,黃煒丹
Yu Pik-yim,余碧艷
Cai Yin,蔡穎
William Forsythe,威廉科西
Ana Catalina Roman,安娜．嘉達蓮娜．羅曼
Graeme Murphy,格雷厄姆．墨菲
Zhao Ming,趙明
Sheng Peiqi,盛培琪
Anh Ngoc Nguyen,
Zhang Xiaomei,張曉梅
Wu Kam- ming,胡錦明
John Utans,余載恩
Lin Wen-chung,林文中
Joseph Mazilier,約瑟．馬其里埃
Yuri Ng,伍宇烈
Xhang Jianmin,張建民
Cheng Tsung-lung,鄭宗龍
Leigh Warren,李華倫
Wai Yuen,
Leung Kwok-shing,梁國城
Helen Lai,黎海寧
,黃狄文
,龐智筠
,曹誠淵
,邢亮
,桑吉加
,黎海寧
,楊怡孜
,羅凡
?,黎海寧
,王榮祿
Sin Yuen,冼源
Shirley Loong,龍世儀
Mok Chiu Yu,莫昭如
Ms Shamima Shawket,Ms Shamima Shawket
,羅逸雅
Cheng Wai Yung,鄭偉容
Yu Yin Fan,余艷芬
?,?
演繹卻絕不平淡,
在這一幕可見一斑。」李海燕,
John Meehan,米瀚文
Madeleine Onne,區美蓮
Yuri NG,伍宇烈
YANG Yun-tao,楊雲濤
Willy Tsao,曹誠淵
Huang Lui,黃磊
ZHANG Yao,張堯
Stephen Jefferies,謝傑斐
Marius Petipa,謝傑斐
Stephen Jefferies,
David Allan,大衛‧艾倫
Rudi van Dantzig,盧狄‧凡登士
Ronald Hynd,羅奈‧海德
Marius Petipa / Lev Ivanov,佩蒂巴
Carlo Pacis,白家樂
Selina Chau,周錦欣
Nobuo Fujino,藤野暢央
Choreography after Coralli / Perrot / Petipa,米瀚文 / 林美芳
staged by John Meehan,
Lin Mei-fang,
CHIN SIU LIN,錢秀蓮
Cheng Jin,程錦
Wu Yi-san (Taiwan),吳易珊 (台灣)
Kim Bo-young (South Korea),金甫瓔 (南韓)及劉傑仁 (馬來西亞)
Jing Li,Jing Li
David Leung,David Leung
Iris Sze,Iris Sze
Luo Fan,Luo Fan
Bruce Wong,Bruce Wong
Makie Okabe,Makie Okabe
David Leung,梁嘉能
Iris Sze,施寶穎
Luo Fan,羅凡
Makie Okabe,岡部牧繪
Neo Dance HK,Neo Dance HK
Tiffany Lo,盧慧怡
May Au,歐嘉美
Hilda Wong Wai Yue,黃渭瑜
Chan Ka Ping and Cheung Yuen Ting,陳嘉冰
,張婉婷
Kenneth Tse,謝宏璣
Abby,
Alito Alessi,
Ng Sze Wan,
Yuenjie,
JIN Yao,金瑶
Faye Leung,梁菲
Noel PONG,龐智筠
TAN Yuan Yuan,譚元元
WONG Ting-lam,王廷琳
Andy,
YEUNG Wai-mei,楊惠美
Ng Sze Wan,吳詩韻
Noel Pong,龐智筠
Chan Yi-ji,陳宜今
Yang Hao,楊浩
Dominic Wong,黃狄文
Li Hanzhong,李捍忠
Ma Bo,馬波
Yuh Egami,江上悠
Nils Christe,克里斯特
George Balanchine,喬治巴蘭欽
Natalie Weir,娜泰莉▪維亞
Kenji Hidak,日高賢二
Jonathan Spigner,尊尼芬•斯納
Li Yi-ran,李怡燃
Wang Si Zheng,王思正
Fei Bo,費波
Krzysztof Pastor,克里茲托夫．帕斯特
Peter Quanz,彼得．奎安斯
Marius Petipa,佩蒂巴
Lev Ivanov,艾化李夫
Kinsun Chan,陳建生
Rashna Homji,謝麗娜
Sheng Pei-Qi,盛培琪
Natalie Weir,娜泰莉．維亞
Jean Coralli,柯拉里
Jules Perrot,栢羅
David Allan,大衛．艾倫
Li Jia-bo,李嘉博
Jonathan Spigner,尊尼芬‧斯納
Xie Yin,謝茵
Nacho Duato,納曹．杜亞陶
Val Caniparoli,卡尼柏諾烈
Li Jun,李俊
Edwaard Liang,梁殷實
Christian Spuck,施普克
George Balanchine,喬治．巴蘭欽
Terence Kohler,泰蘭斯‧科勒
Rebecca Wong,黃碧琪
Georgina Lo,羅雪芬
Ong Yong Lock,王榮祿
Alan Wong,黃瑞麟
Alz Ng,吳肇南
Judy Yiu,姚潔琪
Mary Jane Tang,鄧麗薇
Wu Kam-ming,胡錦明
Kinsun Chan,
John Utans,
Xing Liang,
Dam Van Huynh,
Jonathan Lunn,
Cho Yi,
Huang Yihua,
Liang Qun,
Yuri Ng,
Mikhail Fokine,
Yang Na,
Cathy Marston,Cathy Marston
Laura Aris Alvarez,Laura Aris Alvarez
Hudelei,呼德勒
Zhao Lin-ping,趙林平
Arthur Saint-Leon,Arthur Saint-Leon
Anh Ngoc Nguyen,An Ngoc Nguyen
Paul Boyd,
Stephen Xavier,Stephen Xavier
Becky Lau,劉碧琪
Chow Man Fai,鄒文輝
Emily Lee,利慧玲
Katsuran Kan,
Vangelis Legakis,
Joan Campbell,鍾金寶
Taiwan & HK,
Instructors of Modern Dance Animateur Scheme,現代舞培訓計劃導師
Rita Kwong,鄺麗彥
Wong Pik Kei,黃碧琪
Kristy Cheung,張紫欣
Lokin So,蘇樂鍵
Congo Yu,余艷芬
Henry Shum,岑智頤
Zhang Xiao-xiong,張曉雄
Cai Ying,蔡穎
LEUNG Ki Fun,梁其芬
LAU Man Fung,劉文鳳
HO HO CHUEN,何浩川
Wong Lam,王林
Ivy & Cai Yi Lei,蔡一磊
Chung Wing Yin,_鍾詠賢
Ivy,
Mabel Fong Sum Wun,方心媛
yuenjie MARU,丸仔
,廖朗沙
Hida Yoshiko(Japan),肥田佳子(日本)
Peggy Wang(Taiwan),王思涵 (臺灣)
Shelly Lo,羅逸雅
Ingrid Sera-Gillet,
Andy Wong,王廷琳
Wong Yiu,王瑤
Eileen Lee,李艾琳
Thomas Sek,石成初
Kaman Poon,潘嘉雯
Arthur Mak,麥沛恆
Leung Wai Man,梁惠雯
Wong Wing Yan,黃穎欣
Eric Ng,吳文基
Ho Pak Chuen,何柏存
Vinci Mok,莫穎詩
Law Yiu Wai,羅耀威
Law Yiu Wai,_羅耀威
Wang Yang,汪陽
Guli Aimaiti,姑再努爾（古麗）．艾買提
Hedy Tang,
Charade Poon,
Stephanie Ma,
Joyce Wong,
Lau Pui Hung,劉佩雄
Hugh,
Lim Wei Wei,林薇薇
Malvina Tam,譚渼樺
Vivian Kwok,郭慧芸
Jovan,
Mandy Ming Yin Yim,嚴明然
Mandy Yim Ming Yin,嚴明然
Ming-shen Ku,古名伸
Victor Ma Choi Wo & Mandy Ming Yin Yim,馬才和
,嚴明然
Waguri Yukio,
Kim Bong Ho and Celine Bacque,
,陳起馨 MH
,穆哈．梅祖基Mourad Merzouki
Anthony Égéa,
Charles Jude,查爾斯．裘德
David Bintley,大衛 賓利
Peter Pabst,翩娜‧包殊
Wang Yuanyuan,王媛媛
Lindsey McAlister OBE,麥蓮茜OBE
JUN MABAQUIAO,
Merce Cunningham,梅西．簡寧漢
Meng Zhexue,孟哲學
,萊德．紐信Lloyd Newson
,Xing Liang
,Jo Leung
,蔡穎Francis Leung
,Cai Ying
,傑曼．哥納侯German Cornejo
Malvina,
Huynh,
Dilinaer Abula,迪麗娜爾．阿布拉
Mark Baldwin,馬克．鮑德溫
Man Yunxi,滿運喜
Roel Voorintholt,羅伊．維連托
Mats Ek (Parken) and Alwin Nikolaïs  (Nikolaïs Celebration),Mats Ek (麥斯．艾克) (Parken) and Alwin Nikolaïs (艾文．尼可萊) (Nikolaïs Celebration)
Feng Ying,馮英
Lin Lee-chen,林麗珍
Chae Hyang Soon,蔡香順
Akram Khan,艾甘‧漢
Thomas Edur,湯馬斯．伊德 CBE
CBE,
Gyula Harangozó,古拉．哈倫格佐
Claudia Moreso,歌迪亞．摩爾素
Tang Shu-wing,鄧樹榮
Xing Liang,邢亮
COTOBATAKUMI,縡芭巧
Shen Wei,沈偉
,甄詠蓓
Anthony Wong,黃秋生
Olivia Yun,甄詠蓓
Madeleine Onne,歐美蓮
Victor Choi-wo MA,馬才和
Victor MA,馬才和
Mandy YIM,嚴明然
Cynthia Harvey,辛西婭‧哈維
Huang Lei,黃磊
Kenneth,
,劉佩雄
Yang Yun Tao,楊雲濤
María Pagés,瑪莉亞．柏希斯
Pun Siu Fai,潘少輝
Hu Xiao,胡曉
Popeye Hong,洪振宇
Mourad Merzouki,穆哈．梅祖基
Ke Zhiyong,柯志勇
Leung Kwok-shing(Premiere),梁國城(首演)
Su Shu,蘇淑
Yvette Huang,黃茹
Gabbie Chan(Devising Dancers),陳曉玲(創作舞者)
Ina Christel Johannessen,伊娜．約翰內森
Chang Chien Hao,張堅豪
Geon Hyauk Jin,全爀振
Lee Jung In,李廷仁
Nguyen Ngoc Anh,Nguyen Ngoc Anh
Henry Shum,岑智
Jacques Heim,傑奎斯 ‧ 海依姆
Cally Yip,葉麗兒
Char Hoi Yan,查海欣
Gloria Chiu,趙穎妍
Kristy Choy,蔡敏蕊
Mimi Lo,盧淑嫺
Philippe Cohen,菲利浦．科恩
Joëlle Bouvier,若埃爾．布維耶
Cai Fei,蔡飛
Ding Wei,丁偉
Helen LAI,黎海寧
Lai Tak－Wai,黎德威
Lam Po,林波
Phoebea Tsang (Contemporary Stage),曾可為（當代舞台）
Phoebea Tsang,曾可為
Law Yiu-wai,羅耀威
Zhou Peiwu,周培武
He Baoyu,和寶玉
Chan Hei Hing,陳起馨
Chan Jun,陳俊
Chong Chan Po,莊陳波
Ho Ho Fei,何皓斐
Ting Ping,丁平
Chan Siu Yuk,陳少鈺
Chow Hiu Man,周曉雯
Tong Lok,湯樂
Cheung Sau Fan,張秀芬
Lai Siu Ling Chan Shun Yee,黎少玲
Lee Pui Pui,陳順儀
Leung Hiu Lam,李佩佩
Lin Chao Jung,梁曉琳
,林昭蓉
Antonio Najarro,安東尼奧．納亞羅
Janet Wu,胡詠恩
Yu Ka－Ho,余家豪
,波里斯‧艾庫曼
Shao Weiqiu,邵未秋
Stephen Xavier,
James Yau,丘展誠
Felix Ke,柯志輝
Nataliia Bikmullina,Nataliia Bikmullina
Jimmy Wong,黃雋
Jensen Goi,倪業升
Performcrew,Performcrew
Nguyen Ngoc Anh,阮日廣
,黃翠絲
,岑智頤
,余家豪
Aki Saito,齊藤亞紀
Principal,德米特里‧謝苗諾夫
Dmitry Semionov,
Terence Kohler,泰蘭斯．科勒
,羅耀威
,黎少玲
,湯樂
,秦懿欣
,張秀芬
,譚錦池
,馮家敏
,鄺美英
,黃海蓉等十數人
,廖向民
Jiang Huaxuan,蔣華軒
Chan Man Yee Abby,
Ng Chor Guan,
Erica Boaglio,愛莉嘉．波亞里奧
Marius Petipa & Lev Ivanov,佩蒂巴及艾化李夫
ARChing Tang,鄧希正
Hu Qing Qing(Zhuhai) Tsai Po Cheng(Taipei),胡清清﹝珠海﹞
Wang Jun Jian(Xi’an),蔡博丞﹝台北﹞
Yang Zhen(Beijing),王俊建﹝西安﹞
Cao Wei(Changsha),楊朕﹝北京﹞
Wu Hai Qi(Nanjing),曹威﹝長沙﹞
Gu Jia Ni(Beijing),劉彥成﹝台北﹞
Yu Yanan,古佳妮﹝北京﹞
Wu Hui,俞亞男
Lai Ka Po(Gu,劉卿羽
,黎家寶﹝廣州﹞
,張永添
Jean Coralli,
Matthew Bourne,馬修．伯恩
,米高‧舒馬卡
Su Zihong,蘇自紅
Se Ga,色尕
Cui Tao,崔濤
Li Huijun,李惠君
Bai Ying,白瑩
Su Dongmei,蘇冬梅
Deng Lin,鄧林
Li Han,李涵
Su Ya Fei,蘇婭菲
Pu Bu Yong Cuo,普布永措
Kennex Chan,陳少鈺
Kam Ling Tai,金玲娣
Wong Fai,黃暉
Hung Tjoe Ping,洪袓冰
Tsang Hoi Shan,曾海珊
Lutz Forster,翩娜．包殊
Insoo Lee,李仁秀
Jinwook Ryu,柳振昱
Sujata Goel,蘇亞塔‧戈爾
Xie Xin,謝欣
Gunilla Heilborn,古尼拉‧海爾布隆
Jacky Yu,餘仁華
,楊宜瑄博士
Yang Liping,楊麗萍
Jacky Yu,余仁華
DoDo Lau,劉惠珊
Eric Vu-an,艾力．費安
Luciano Cannito,路斯安諾．加里圖
MARIUS PETIPA & VAKHTANG CHABUKIANI FIVE MOVEMENTS,佩蒂巴及華赫坦查布奇安尼 FIVE MOVEMENTS
,卓瑪伊羅
Jorma Elo,卓瑪‧依羅
Cliff Huen Tin Yeung,
Sang Jijia,桑吉加
Carman Li,李嘉雯
Jasper Lai,黎貴諾
Winnie Leung,梁思穎
Ming Pak,白濰銘
Megan Ha Youngmi,
Zhang Xiao Xiong,張曉雄
Coral Lee,李以珊
Helga Fung,馮曉嘉
Cindy Wong,王瑤
Michelle Chan,陳韻樂
Marius Petipa and Alexander Gorsky,佩蒂巴及阿歷山大．葛斯基
Wang Xin Peng,王新鵬
,黃晶
,陳起馨
,莊陳波
,陳少鈺
,何皓斐
,陳俊
,李佩佩
,陳順儀
,周曉雯
,丁平
Shirley Lok,樂知靄
Wim Vandekeybus,溫．范德基伯斯
Gabbie Chan,陳曉玲
Serenade George Balanchine © The George Balanchine Trust/ Castrati Nacho Duato/ Swan Lake Act III NATALIA CONUS,《小夜曲》George Balanchine © The George Balanchine Trust /《卡薩迪》 納曹．杜亞陶/《天鵝湖》 第三幕 娜塔莉婭．康納斯   (原編舞  佩蒂巴)
after Marius Petipa,
Felix Chen Lei,陳磊
Kukli Wong,黃菊莉
Nana Zhao,趙娜
Winds Fung,劉兆豐
,Nick Roux
,Alice Dixon
,Caroline Meaden
,Simon Ellis
,Sam Fox
,Deborah Kelly
,Zoe Scoglio
Jessica Burrows & Sarah Ye,Jessica Burrows & Sarah Ye
Ho Hsiao-mei,何曉玫
Chang Lan-yun,張藍勻
Lee Chen-wei,李貞葳
Pak Wei-ming,白濰銘
WONG Pik-kei,黃碧琪
Nick Power,Nick Power
Fong Sum Wun Mabel (FMBA),方心媛
Lindsey McAlister,麥蓮茜
The cast,眾表演者
devised by the performers,眾表演者
Kirsten Ho,賀倩瑩
Siobhan Dumigan,鄧悠韻
,Jun Mabaquiao
Christine He,Christine He
Mandy Petty,敏迪貝蒂
Huynh ERIC,黃思豐
Chau Winky,仇詠詩
Winky Chau/ Kwok Wing Yan/ Lam Wing Yi/ Alice Cheng/ Leung Yee Tak/ Emily Chan/ Sue So/ Catherine Chan/ Helga Fung/ Charlotte Ho/ June Chung/ Zenith Tse/ Miki Leung,
Lee Wilson & Mirabelle Wouters @ Branch Nebula,
,溫愷
,劉碧琪
Huang Yu,黃茹
Tam Fong Wai,譚芳慧
Eunice,呂嘉盈
Apple Lai,黃蒨亭
Kitty Wong,莫斯穎
Story Mok,李泳深
Winsome Lee,黃寶蕾
Wong Po-lui,朱佩鳳
Anita Chu. Sung Pui Yan,宋佩欣
,陳珍妮
,鄧皓琪
Ina Christel Johannessen (Norway),伊娜．約翰內森 (挪威)
Laura Aris/EMBER,羅雅詩
Elyse Lai,黎銥婷
Pandora Sin,冼穎欣
Rosalind Newman,廖朗莎
Chen Lei,陳磊
Chen Jun,陳俊
Li Jiabo,李嘉博
Jonathan Spigner,尊尼芬．斯納
Li Yi Ran,李怡燃
Lai Siu Ling,劉佩雄
Ms Ulian Chun,秦懿欣女士
All Artists involved,所有參與藝術家
Lo Wai-luk,盧偉力
Kae Ishimoto,石本華江
Michel Fokine,米高霍根
"\""Marius Petipa",佩蒂巴阿歷山大．葛斯基
Marius Petipa,"\""佩蒂巴阿歷山大．葛斯基"
Chung Wing Yin Ivy,鍾詠賢
,杜紹樑
,方秀蓮
,杜盈瑩
,周家欣
,蕭婷妤
,林洛鍶
,鍾宛靜
,何皓寧
,譚絮鴻
Lu Yonghua,陸永華
Xiao Shiyun,肖時運
Wu Fentian,吳分田
Yang Rong,楊蓉
Lu Jiangyong,陸江勇
Lan Heng,蘭衡
Hu Zhengxing,胡征興
Liang Jian,梁劍
Liang Hua,梁歡
Shi Chuanjie,石川潔
Yang Guangquan,楊光全
Ulian Chun,秦懿欣
Willy Tsao,
Peggy Lam/ Shirley Lok/Nguyen Ngoc Anh,
Hoi Chiu,
Allen Lam,
,陶冶
,伍國柱
,胡恩威
,楊雲濤
,近藤良平
,王瑤
,陳韻樂
Becky Lau  / Lena Lin,劉碧琪 / 林昭蓉
Mr. Chow Man Fai,鄒文輝先生
Mrs Joan Campbell,鍾金寶
Trista Cheung,張彩婉
Apple Loi,呂  嘉盈
Wong Pik   Kei,黃碧琪
Fiona Zhou,周芳
,馮樂恒
Dorothy Shek,石嘉琁
Huang Ju,黃茹
Christopher Wheeldon,克里斯多夫．惠爾頓
Ángel Rojas,安海爾．羅哈斯
Alexei Ratmansky,阿列克塞．羅曼斯基
George Balanchine,巴蘭欽
Edward Lam,林奕華
Victor Fung,馮樂恒
Li De,李德
Ata Wong,黃俊達
Tracy Wong,黃翠絲
Allen Yuan,袁勝倫
Hung Tak-man,熊德敏
Lai Man-wai,賴文慧
Cai Yin,謝茵
Xie Fei,蔡飛
黃磊,黃磊
尹敏碩,尹敏碩
柳碩勳,柳碩勳
Miss Violet Ng,吳雪梅小姐
Miss Cannis Kam,甘穎欣小姐
Miss Alice Mak,麥詠詩小姐
Miss Annie Yim,嚴雁翎小姐
Miss Shadow Siu,蕭慧君小  姐
Miss Debbie Chan,陳顗安小姐
Miss Angela Leung,梁淑棋小姐
Miss Lau Ying Kwan,劉盈君小姐
Miss Ko Chung Man,高頌雯小  姐
Miss Emily Ho,何皓文小姐
Miss Kylie Sham,岑潔盈小姐
Miss Elaine Kan,簡伊翎小姐
Miss,殷善行小  姐
Ms. Leung Ki Fun,梁其芬女士
Stella Arauzo,史特拉．阿勞佐
Antonio Gades and Carlos Saura,安東尼奧．加迪斯及卡洛斯．紹拉
,羅莎里奧．包薩
,赫克托．法爾肯
Rudi van Dantzig,盧狄．凡登士
Kenneth Hui Ka Chun,許嘉俊
Yui Sugawara,菅原愉依
John Utans and Yang Hao,余載恩及楊浩
Natalie Weir,娜泰莉‧維亞
Pär Isberg,帕．伊斯伯格
Gloria Chiu,趙  穎妍
Päivi Aura,Päivi Aura
Kati Lehtola,Kati Lehtola
Lieve Hermans,Lieve Hermans
Miss Jaimie Lam,藍婉兒小姐
Miss Gloria Chan,陳小玲小姐
Miss Monie Lam,藍婉雯小姐
LAI SIU LING,黎少玲
Miss Ho Kit Yan Monica,何潔茵小姐
Mr Chow Man Fai,鄒文輝先生
Ms. Winky Chau,仇詠詩小姐
Ms. Winky Chau,Ms. Winky Chau
Kwok Wing Yan,Kwok Wing Yan
Lam Wing Yi,Lam Wing Yi
Lwung Yee Tak,Lwung Yee Tak
Emily Chan,Emily Chan
Sue So,Sue So
Helga Fung,Helga Fung
Charlotte Ho,Charlotte Ho
Melody Kwan,Melody Kwan
Rainbow Tsui,Rainbow Tsui
Grace Chan,Grace Chan
Connie Lau,Connie Lau
Kim Jae Duk,Kim Jae Duk
Rebecca,
Lam Kwan-fai,林鈞暉
Daniel Lo,盧定彰
Melodic Chau,周樂娉
Harmonic Chau,周樂婷
Timoth,蔡立德
,龍向榮
,林穎穎
,許嘉俊
,伍宇烈
,梁咏琳
Kenneth Hui,許嘉俊
,丘展誠
,夏恩蓓
Fok Ka Wing,丘展誠
(Chinese Only),蔡穎
Mao Wei,毛維
,呂沅蔚
,招詠彤
,莫嫣
,張秀梅
Ronny Wong,黃銘熙
Becky,吳嘉熙
,吳燕珊
,劉敬雯
,楊樂文
,禤天揚
,黃浩邦
,任碧琪
(Chinese Only),Alberto Garcia
St廧hanie Fuster,St廧hanie Fuster
(Chinese Only),鄭求昊
(Chinese Only),尹星珠
Val Caniparoli Libretto,卡尼柏諾烈 劇本
Norbert Vesak,諾伯‧維沙克
David Gano(Act I),大衞‧簡奴(第一幕)
Robert Glay de La Rose(,30PM)
,30PM)
,30P
Chao-ye He,何超亞
Ryo Kato Pr,尊尼芬‧斯納
Jun Chen,陳俊
Jia-bo Li,李嘉博
Ka-chun Hui,許嘉俊
Ryo Kato,加藤凌
Chun-long Leung,梁晉朗
Lin Li,李林
(Chinese Only),米瀚文
,約吉蒂‧多蓮娜
(Chinese Only),歐美蓮
(Chinese Only),佩蒂巴
,艾化李夫
,米瀚文
,白家樂
,周錦欣
Carlo Pacis,約吉蒂‧多蓮娜
Rona,戰薪潞
,文子 服裝
Pyotr Ilyich Tchaikovsky,柴可夫斯基
Carmen Hung Assi,錢韋君
A Short,児玉孝文
Na,野邊壯平
,豊福彬文
,児玉孝文
,野邊壯平
,高橋留美子
,李嘉雯
,伍美宜
,Genki.Ohno
Takafumi Kodama,児玉孝文
Souhei Minowa,野邊壯平
Akifumi Toyofuku,豊福彬文
Rumiko Takahashi,高橋留美子
Yuan Shenglun,袁勝倫
Kim Jae-seung,金載丞
Yuri Nagaoka,長岡優理
Daniel Yeung & Da,黃翠絲
,李拓坤
,李宰永
,張堅志
Lee Jae-young,李宰永
Tsai Po-cheng,蔡博丞
He Yongning,何泳寧
Lee Che-yi,李哲藝
Lok Fung Set Desi,楊我華
Wu Kam ming,胡錦明
Carmen Yau,丘文紅
Lee Hoi Tung,李愷彤
Hu Xiaoou,胡曉歐
Mandy,黃子珏
Ke Zhiyong,蔡飛
Wu Kam ming,柯志勇
Carmen Yau,胡錦明
Lee Hoi Tung,丘文紅
Hu Xiaoou,李愷彤
Instructors of the Children’s and Youth Troupes,胡曉歐
Choi Sai-h,黃志偉
QIAO SONG,喬聳
ZHANG XING,張杏
BILLY,鄧煒培
SUN YING,孫穎
Sean Li,李承謙
Alston Ng,伍文輝
Jacky Liong,梁駿軒
Stacy Ip Wing-kwan,葉穎君
L C Fu,馮聯超
Pasha Umer,帕夏吾賣爾
(Chinese Only),梁國城
Cheung Wai Pan,程偉彬
So Lok Kin,蘇樂鍵
Zo,麥樹
,中國舞集
,黃日芝芭蕾舞學校
,T C Ballet
,Brilliant Dancer
(Chinese Only),黃釗鑫
,何翠亮
,何啟華
,蘇樂鍵
,王銘聰
,黃宗謙
,楊曉峰
,Remarx CreatiVe
(Chinese Only),徐偉賢
,黃思豐
,鄧詠雪
,陳建文
,黃釗鑫
,謝裕鈴
,陳健迅
,袁澤森
,李穎棋
,李知喬
,房勺
(Chinese Only),趙浩然
(Chinese Only),林薇薇
,梁天尺
,陳瑋聰
,王樂儀
,李思葦
,朱
Frédéric,Frédéric
V廨onique Murat Set,V廨onique Murat Set
(Chinese Only),Calvin Lam
Lydie Alberto,Lydie Alberto
William Domiquin( Talents Adami ),William Domiquin( Talents Adami )
J廨獽e Fidelin( Talents Adami ),J廨獽e Fidelin( Talents Adami )
Romain Guillermic( Talents Adami ),Romain Guillermic( Talents Adami )
Fran,Fran
Anthony Eg嶧,Anthony Eg嶧
陳詠慈,陳詠慈
余凱恩,余凱恩
劉潔華,劉潔華
劉美娟,劉美娟
勞雁婷,勞雁婷
吳凱程,吳凱程
施蓉妮,施蓉妮
朱家深,朱家深
杜美寶,杜美寶
林麗嬌,林麗嬌
萬天琳,萬天琳
謝心盈,謝心盈
鄧芷韻,鄧芷韻
鄭婉雯,鄭婉雯
阮佩欣,阮佩欣
陳湘瑜,陳湘瑜
陸思敏,陸思敏
魏寶儀,魏寶儀
何妙茵,何妙茵
羅淑儀,羅淑儀
司徒立強,司徒立強
(Chinese Only),陳詠慈
,余凱恩
,劉潔華
,劉美娟
,勞雁婷
,吳凱程
,施蓉妮
,朱家深
,杜美寶
,林麗嬌
,萬天琳
,謝心盈
,鄧芷韻
,鄭婉雯
,阮佩欣
,陳湘瑜
,陸思敏
,魏寶儀
,何妙茵
,羅淑儀
,司徒立強
Choi Jae-hyuk(Korea),崔宰赫(韓國)
Lee Jun-wook(Korea),李浚旭(韓國)
Lee Tsung-hsuan(Taiwan),李宗軒(台灣)
Wang Yeu-kwn(Taiwan),王宇光(台灣)
A,鈴木明倫(日本)
Choi Jae-hyuk,崔宰赫
Lee Jun-wook,李浚旭
Lee Tsung-hsuan,李宗軒
Wang Yeu-kwn,王宇光
Akinori Suzuki,鈴木明倫
Kelvin Mak,麥卓鴻
Maze Chan,陳旻禧
Helen Leung,梁晞藍
Carman LI,李嘉雯
Po Lui Wong,黃寶蕾
Chloe Lo Lok Yiu,盧樂瑤
Wu Wing Yan Janet,胡詠恩
Fan Luo,羅凡
鷹C傅,鷹C傅
Fok Ka-wing,霍嘉穎
Tsang Wing-fai,曾詠暉
,葉麗兒
,曾詠暉
,文念慈
,方佩思
,王滙盈
,丘亦穎
,朱佩鳳
,何佩凝
,何佳倫
,何美珊
,何曉媚
,吳卓
Evains Lui,呂沅蔚
Arf,羅創業
是生命之有常； 從生看死,是生命之有常； 從生看死
Chan Man Kwan   沉澱,陳敏珺   《沉澱
發現,發現
改變,改變
更新；再走回起點,更新；再走回起點
Jody Yip,葉麗兒
Jody Yip,聶曉晴
Fai Tsang,曾詠暉
,葉破
,Jesse Clockwork
,影行者
,葉破 圖片
,盧君亮
Akram Khan,艾甘 • 漢
Chien Ching-ying,簡晶瀅
,素希妮 • 亞蘭
,大衛 • 阿祖扎
,亞龍 • 恩格勒
,悅耳噪音(文森佐 • 拉麥拿)
Leung Siu Wai Priscilla,梁小衞
Han Mei,韓梅
Ken Kwok,溫子樑
,鄧偉豐
,陳湛文
,甜筒
,梁海琦
,蔡頴儀
Aldebaran Robotics,Aldebaran Robotics
,余
Francesco Ventriglia,法蘭西斯科．文迪利亞
Liam Scarlett,里安姆．史家列
Leu,古琴選集
Carlos Acosta,卡洛斯．阿哥斯達
Enrique Corrales,恩里克．哥拉雷斯
Ver鏮ica Corveas,維朗妮嘉．歌爾維思
Ely Regina Herandez,伊萊．維珍娜．靴南迪斯
Gabriela Lugo,加比艾拉．盧戈
Laura Rodr璲uez,羅拉．羅德里格斯
Javier Rojas,查維亞．羅哈斯
Deborah S跣chez,狄博拉．姍翠斯
Alejandro Silva,亞歷康德羅．斯爾華
Leticia Silva,萊蒂茜亞．斯爾華
Luis Valle,路易斯．華爾
,陳素妍
Lee Chi-wai Mu,黃飛鵬
,麥綮桁
,陳俊夫
,郭翠怡
,王希桓
(Chinese Only),丘展誠
,徐茵祈
,鄭銘恩
,周金毅
(Chinese Only),王榮祿
Conceiver Victor Choi-wo MaProducer Mandy Ming-yin YimChoreographer Victor Choi-wo Ma,馬才和
Mandy Ming-yin YimPerformer Victor Choi-wo Ma,馬才和
Victor Choi-wo Ma,馬才和
Mandy Ming-yin Yim,嚴明然
Nadia Vigueras Moreno,娜蒂亞‧維古拉斯‧莫蓮努
Raquel de la Plaza Hera,拉奎爾‧帕勒扎胡米拉
Jonatan de Luis Mazagatos,喬納坦‧勞奕斯‧馬蕯加杜斯
Ma,馬里安努．拉莫斯
,路奕斯．米格爾．哥布
Enrique Cabrera,恩里克．卡布雷拉
Paul Pui Wo Lee,李沛和
Irene Lo,勞曉昕
Yo Takahira,楊我華
Leo,
IM Seonoc Vide,朴琮訓
,姜耀燮
,權珉贊
,金建中
,金民真
,金智敏
,金蔰延
,都皇周
,朴素靚
,崔敏
Mandy,趙雅羅(南韓)
Frankie HO.,江帆(中國)
JIANG Fan(China),KIM Bong Ho(南韓)
Elaine KWOK,丸仔
yuenjie MARU,廖向民
,毛維
,白濰銘
,胡詠恩
,楊浩
,黑鬼
,邱立信
,梁卓堃
,梁小衛
,曾永曦
,文律元(中國)
,黃仁逵
,葉
Victor,馬才和
Choi-wo MA,
Victor,華琪鈺*
Mandy,黃磊*
LAM Po,李德
LI Yongjing△,馬才和
LI De,莫嫣
Jennifer MOK,楊怡孜
Victor,關繼延
KWAN Kai Yin,
Ale,
Victor,葉彩鳳
Mandy,
Wayson POON,盤彥燊
Victor,Chankethya CHEY(柬埔寨)
Mandy,Lindsey Renee DERRY(美國)
Chankethya CHEY(Cambodia),鹿島聖子(日本)
Lindsey Renee DERRY(USA),勝部知子(日本)
Shoko KASHIMA(Japan),KIM Bong Ho(南韓)
Chico KATSUBE(Japan),古名伸(台灣)
KIM Bong Ho(South Korea),馬才和(台灣)
KU,黎美光(台灣)
,林茹鴻(台灣)
,文慧(中國)
,葉破 文字
Victor,Lindsey Renee DERRY(美國)
Mandy,江帆(中國)
LI Sze Yeung,Olé KHAMCHAN
LI Sze Yeung,
,馬才和
,江帆
,馮炳輝
Mandy,呂沅蔚
Pi,白濰銘
,Pichet KLUNCHUN
Victor,Victor
Mandy,Mandy
BLUE Ka Wing,BLUE Ka Wing
Billy CHAN.,Billy CHAN.
CHAN Hiu Ling,CHAN Hiu Ling
Gabbie,Gabbie
Chankethya CHEY(Cambodia),Chankethya CHEY(Cambodia)
Lindsey Renee DERRY(USA),Lindsey Renee DERRY(USA)
Force FONG,Force FONG
Frankie HO.,Frankie HO.
Chankethya CHEY(Cambodia),江帆(中國)
Lindsey Renee DERRY(USA),KIM Bong Ho(南韓)
JIANG Fan(Shanghai),黎美光(台灣)
KIM Bong Ho(South Korea),林茹鴻(台灣)
Mei LI(Taiwan),文慧(中國)
Victor,江帆
Mandy,李新民
JIANG Fan,劉祝英
LI Xinmin,文慧
WEN Hui L,郭睿
,徐倩
,莊稼昀
WEN Hui,文慧
Yang Hao,金槿映
Geunyoung Kim,楊浩
,馬志遠
Victor,趙雅羅 (南韓)
Mandy,何明恩
Victor,廖向民
Victor,呂沅蔚
Pak-tsai,丸仔
,伍詠豪
,聶曉晴
,黃寶蕾
Ara CHO,趙雅羅
HO Ming Yan,何明恩
Evains LUI,呂沅蔚
MAO Wei,丸仔
yuenjie MARU,伍詠豪
Skinny NG,聶曉晴
Jody NIP,毛維
Ming PAK,白濰銘
WU Wing Yan,黃寶蕾
Janet,胡詠恩
KT YAU,
Ara CHO(KR),趙雅羅
Ming-yan HO(HK),何明恩
Geunyoung KIM(KR),金槿映
Vic,馬才和
Janette Wong(,黃羨晴(17/12)
,黃嵃祺(17/12)
,麥卓鴻(18/12)
,馬志恒
Charfi HUNG(Leaving & Living),孔德瑄〈客廳〉
Anh Ngoc Nguyen(Mother,孔德瑄〈客廳〉
Edm,
Willy TSAO,曹誠淵
Anh Ngoc Nguyen,阮日廣
Gregory Charles Rivers,河國榮
Jonathan Wong Set and Costume Desi,顏素茵
Evains Lui,程偉彬
Rex Cheng,呂沅蔚
LongHin Li,李朗軒
Low Shee Hoe,劉詩豪
Ha Yan Pui,夏恩蓓
Terry Tsang,曾景輝
Natalie Mak,麥琬兒
Tseky Tse,謝甲賢
Waguri Yukio,和栗由紀夫
Bonni Chan,陳麗珠
Hofan Chau,黃碧琪
Rebecca Pik Kei Wong,朱詠家
Anson Lam,林沛濂
Tomas Kh Tse,謝嘉豪
Wilson Chik,戚惠致
Andy Lee,李振宇
Christin,洪俊樂
,楊凱霖
,kani
,歐嘉美
,趙浩賢
,李振宇
,二階堂伊奧
,王少筠
,李文俊
En Gao,二高
(Chinese Only),葉興華
,周詠恩
,林施樂
(Chinese Only),廖慧儀
(Chinese Only),Franco Tsang
Franco Tsang,Franco Tsang
Atsushi Kyan,喜屋武淳
Takeshi Arakaki,新垣健
Yuji Uragami(JP),浦上雄次(日本)
Satomi Toma(JP),當間里美(日本)
Gunjo Kubo(JP),久保群青(日本)
Yu-ching Huang(TW),黃宇清(台灣)
Da,敏迪貝蒂
,何威智
,尹巧茵
,陳嘉儀
,謝佩琪
,蔡煒虹
,蔡媁婷
,施
Calvin Tang,鄧偉豐
Marix Ho,何威智
Ani Wan,尹巧茵
Karen Chan,陳嘉儀
Penny Tse,謝佩琪
Iris Tsoi,蔡煒虹
Joyce Tsoi,蔡媁婷
(Chinese Only),毛維
,何楚雯
(Chinese Only),曾棱尉
,曾棱尉
,劉銘鏗
Joy Womack,Joy Womack
Oleg Ivanko,Oleg Ivanko
Jie Shen,Jie Shen
Naomi Yuzawa,Naomi Yuzawa
Ryo Kato,Ryo Kato
Rui-xue Dong,Rui-xue Dong
Chun-long Leung,Chun-long Leung
Kalinath Mishra Sitar Prajakta,Kalinath Mishra Sitar Prajakta
CHONG Chan PoProducer,李藍施
CHONG Chan Po,莊陳波
Edith Cheung,張婉婷
Kazunori Kumagai(JP),熊谷和德(日本)
Shoko Taniguchi(JP),谷口翔有子(日本)
Masaki Murata(JP),村田正樹(日本)
Soonyoung Kim(KR),金順泳(韓國)
Dance,顏俊豪
,黃安妮
,蔡煒婷
Joyce Tsoi,蔡煒虹
Iris Tsoi,蔡煒婷
Sailo Yau,游家傑（細佬）
Elfin Cheung,張嘉欣
Yip Chan,陳頴業
Sailo Yau,游家傑
Li Ruigang,黎瑞剛
Wu Xiaoming,吳孝明
Xia Guozhu,夏國珠
Tong Ruirui,佟睿睿
Chen Feihua,陳飛華
,程偉彬
(Chinese Only),程偉彬
Marius Petipa,馬裡於斯·佩蒂帕
Vladimir Begichev,比傑謝夫
30PM),佩迪巴
Natalia Potekhi,30PM)
,亞歷山大‧沃廷
Marius Petipa,佩迪巴
Lev Lvanov(1895),伊文諾夫
Scarlette Cheng,鄭慧君
Dai Matsuoka,松岡大
Au Hoi Wa,歐凱樺
,陳頴璇
,叶健明
,梁兆齡
,李雯
,林芷君
,趙鷺燕
,林歡曉
,黃婉華
,張蔓姿
,鄭珞璋
Wu May Bo,胡美寶
KAI-EN,KAI-EN
SU-EN,SU-EN
Lee Berwick,Lee Berwick
LI Han-zhong,李捍忠
ZHAO Jia-pei,陳劍明(原創)
,趙家培
,殷鵬
MA Bo,馬波
(Chinese Only),羅瑋君
,余建宏
,張國韋
,許程崴
,陳映慈
,廖筱婷
,賴儀珊
,曾天佑(原創)
,陳揚(原創)
,劉家明
,劉育寧
(Chinese Only),何曉玫
(Chinese Only),麥強偉
Bobo Lai,黎家寶
LOW Shee Hoe,劉詩豪
Cindy HO Pui-shan,何姗
Phymus Tang,鄧鴻業
Chan Wing-Yip,陳頴業
Coral Lee,白濰銘
Cyrus Hui,李以珊
Felicity Char,查海欣
Kaco Kam,張彩婉
,黃碧琪
,趙穎妍
,蔡敏蕊
,鄧麗薇
,鄺韻儀
Mon Ning,黃碧琪
Pak Wei-ming,趙穎妍
Ronly Kong,蔡敏蕊
Trista Cheung,鄧麗薇
Wong Pik-kei,鄺韻儀
Dominic WONG,黃狄文
Li Ka Man Carman,李嘉雯
Ho Lok Yee Cola,何樂宜
Terry CHAN,陳廷安
Kaori SEKI,關香織
Shiki KITAMURA,北村思綺
Yu GOTO,後藤優
Masashi KOYAMA,小山晶嗣
Kiyotaka SUZUKI,鈴木清貴
Kano YAMADA,山田花乃
Daigo TA,TAKEUCHI Daigo
The Place Movie St,鄭伊涵
,廖健舜
Chien Lin-yi,簡麟懿
Lai Hung-chung,賴翃中
Hsu Chen-wei,許程崴
"""Four legs is good",《四條腿雖好
Locust( Tr,CreativeImageWorx
,勞翠盈
Albert Garcia,艾伯特．加西亞
Claudia Lou,勞翠盈
Mira Lao,劉美樺
"""in",《看
visible (cities),不見(城市)
Wayson Poon,盤彥燊
Caminando(Mapa) – Pokémon GO OST,行走（圖）- 寳可夢/馬克思·維納（基輔
Maxim Werner(Kyiv,李德
Ukraine) Multi,張喜龍
,Kei
Chan Hiu Ling Gabbie,陳曉玲
Pewan,
Mr. Cheung,Mr. Cheung
Jo KANAMORI,金森穰
Dan SU,須長檀(椅子)
Choi Young-hyun,CHOI Young-hyun
Headphonics,Headphonics
"Park Sang Yun   ""Flight"" Choreography and D",JEONG Cheoi in
,TAK Hyeong se
Choi Young-hyun,崔英賢
Jeong Cheolin,鄭哲仁
Lee Kyung-eun,李慶殷
JuRyung JUNG,鄭珠玲
Soyoung CHOI,磪素瑛
Hyewon JO,曺惠元
Hyeji LEE,李惠知
Sunji YOON,尹善知
Jaeduk KIM Props Design,Paulo Cesar Lima
,JANG Kyung Min
,KIM Bo Ram
,LEE Eun Kyung
,SHIN Jae Hee
,LEE Sun Min
Kim Bora,金寶羅
Kim Bo-Ram,金保懢
Ren-ZhongJie,任中傑
Yang-Tao,楊濤
Li-ShiXiong,李世雄
Hou-YuLong,侯玉龍
Wang-ChaoMing,王朝明
Zhang-Qian,張乾
Wang-Chang,王暢
Zhai-RongFang,翟蓉芳
Du-YueJiao,杜月姣
Gao-Rong,高蓉
JiaZen,賈珍
Liang-JingJ,梁晶晶
,周立恆
Xu-YiMing,許一鳴
SIN Seong-hwan,申昇煥
HONG Sung-yop,洪成佑
Li Xing,黎星
Li Chao,李超
Hu Shengyuan,胡沈員
Gong Xingxing,龔興興
Qian Min,錢敏
Li Kun Soun,殷漪
,姜少峰
"""born somewhere",木村玲奈
Reina KIMURA,重里実穂
Miho SHIGESATO,田添幹雄
Mikio TAZOE,遠藤僚之介
Ryounosuke ENDO,bozzo
Yu,小山晶嗣
,川合龙
,木原浩太
,酒井直之
Reina KIMURA,木村玲奈
Un YAMADA,山田云
Hema Set Des,鍾麗儀
,小珂（中國）.周子涵（中國）
Mandy Ming-yin YIM,嚴明然
Xiao Ke,小珂
ZHOU Zihan,周子涵
Hakgwai,黑鬼
Wilson TSANG,曾永曦
WONG Yankwai,黃仁逵
Terry WU,胡釗鳴
Xiao Ke(China),小珂（中國）
Paul YIP,葉破
ZHENG Lingmin(China),鄭靈敏（中國）
ZHOU Zihan(China),周子涵（中國）等
Crystal CHUNG,鍾麗儀
Edmund LEUNG,梁卓堃
Christy MA,馬汶萱
Cybil POON,潘思蓓
Kirstie SIMSON(UK),Kirstie SIMSON（英國）
Jasmin W,黃寶蕾
,葉破及鄭靈敏
Kirstie SIMSON,Kirstie SIMSON
Tong Ruirui (,佟睿睿 《秀色》《夜深沉》《根之雕》
,吳歡《只為途中與你相見》《天浴》《傣家的女兒
,傣家的雨》 《雁北歸》
,謝欣《漫 • 慢》
,羅麗《蒲公英》
,愛情雙人舞》
,徐小平《高原春風》
,韓真《海的追尋》
,趙小剛《上海往事》
,馬東風《康定溜溜情》
Wu Huan,吳歡
Luo Li,羅麗
Zhang Jigang,張繼剛
Xu Xiaoping,徐小平
Han Zhen,韓真
Zhao Xiaogang,趙小剛
Ma Dongfeng,馬東風
,舞與武藝術中心
,張秀芬芭蕾舞學校
,何皓斐*
,霍敏儀
,洪祖冰
,范慶安
,陳軼
,唐鑫
,羅
Ho Ho Fei*,何皓斐
Fok Man Yi,霍敏儀
Hung Tjoe Ping,洪祖冰
Quanette,李佩佩
Lee Pui Pui,張秀芬
Cheung Sau Fan,范慶安
Fan Hing On,陳軼
Chan Yi,唐鑫
Tang Xin,岑智頤
Henry Shum,
Alonzo King,阿隆佐．金
Martin Zimmermann,馬丁‧齊默曼
,陳頴業
,梁皓棕
,張嘉怡
,盧敬燊
Rex Cheng,程偉彬
Raymond WanDeputy Pr,吳立斌
,張天穎
,何樂宜
,洪俊樂
,陳文紈
,周釗洋
,郭智鋒
,李海燕
,Quistography
Olivier Tarpaga,奧利華．達柏加
,克利絲桃．派特
,蘇爾．利昂
,傑夫．巴克利(你和我
Crystal Pite,克利絲桃．派特
Sol Le鏮,蘇爾．利昂
Paul Lightfoot,保羅．賴福特
Marco Goecke,馬可．歌克
Fabrice Bouillon“LaForest”,Fabrice Bouillon“LaForest”
Germaine Acogny,Germaine Acogny
Igor Stravinsky,Igor Stravinsky
Olivier Dubois,Olivier Dubois
Chan Po Kwan,陳溥
,孔君蔚
,顏俊豪
hoyingfung,何應豐
Adrian,毛維
,潘振濠
,黎貴諾
,萱寧(視覺藝術)
,韓梅
,史堅尼
,鄭雅茵
,鍾雪儀
,許玉瑩
,莊敏鈴
,徐筱詠
,徐梓航
,梁芷晴
,顏丹華
,梁立昕
,廖嘉曦
,黃文軒
,陳佩儀
,麥靄琳
,唐浩山
,簡嘉琳
,劉卓姿
,陳瑋嘉
,劉詠茵
,許煒珊
,陳曉玲
Angela Hang Deputy Director,江寶盈
Rock Fang Tutor,徐智庸
Ben Leung,區樂舜
Daan WongHei LAM,梁凱斌
K K Lai,黎嘉琪
Potato Tsui,陳敏聰
Terry Chan,黃凱盈
Ben Leung,江寶盈
Daan WongHei LAM,徐智庸
K K Lai,區樂舜
Potato Tsui,梁凱斌
Terry Chan,黎嘉琪
Trian Kong,陳敏聰
Wilfred Siu,黃凱盈
,蕭啟良
Anthony Street,安東尼．斯特列特
Dagmar Chittka,達格瑪．徹卡
Wim SchermerProduc,基斯．范．普騰
Zhou Liya,劉勵
Zhou Liya,周莉亞
Du Ming Exec,黎星
,李艷超
,孫然
,王閔瑞
,齊奇
,秦立運
,劉鳳恕
,賈雷
Xiong Jian,熊健
,日本舞踏者 MushiMaru Fujieda 藤條虫丸  韓國舞踏者 Lee Mihee 李美喜 日本現場樂手 Gama Oil 中谷豪秀
(Chinese Only),黃瑜軒
,董仲勤
,黃瑜軒
,范嘉駿
,李智觀
,吳嘉其
,歐凱樺
,盧曉峰
,梁潔誼
,黃嘉琪
,梁敏婷
,梁慧賢
,梁逸鉻
,李翠珊
,胡沛瑩
,顏穎欣
,陳樂愉
,林學賢
,史彥庭
(Chinese Only),林芷君
Lee K-ki,李家棋
何慧珊,何慧珊
賴明慧,賴明慧
劉茜殷,劉茜殷
蔡素芬,蔡素芬
馮愷琳,馮愷琳
林嘉盈,林嘉盈
,李潔雯
,陳海嬰
,劉學靜
,林嘉明
,張瑪莉
,鄧淑冰
,廖建倫
,屈鳳賢
,吳寶珊
,許德城
,謝綺雯
,潘詠詩
,余淑慧
,劉桂枝
,蘇安琪
,鄺秀琼
,鄭綺嵐
,謝家欣
,黃
Wayson Poon,盤彥棠
Choi Chung Lim,蔡忠廉
Kingsan Lo,盧敬燊
Han Sun-chun(Korea),韓善泉(韓國)
Wu Yi-san(Taiwan),吳易珊(台灣)
Ng Choi Long,伍在朗
Han Sun-chun,韓善泉
Wu Yi-san,吳易珊
Jennifer Mok,莫嫣
Mamoru Sakata(Japan),坂田守 (日本)
Lee Jung-in(Korea),李廷仁 (韓國 )
Lee Sun-tae(Korea),李宣汰 (韓國 )
Lee Dong-ha(Korea),李東河 (韓國)
林港深,林港深
陳海嬰,陳海嬰
余碧虹,余碧虹
何佩凝,何佩凝
林慧嫣,林慧嫣
張少麗,張少麗
曾麗姍,曾麗姍
何穎詩,何穎詩
劉蔚彥,劉蔚彥
蔡佑,黃碧芬
(Chinese Only),林港深
,余碧虹
,林慧嫣
,張少麗
,曾麗姍
,馮愷琳
,何穎詩
,劉蔚彥
,白志源
,薩拉德
Jean Coralli,科拉里
Jules Perrot,柏洛
Lev Ivanov,佩蒂巴
Marius Petipa,艾化李夫
Jerome Robbins,巴爾達
Ricardo Cue,羅賓斯
Olivier Sarrat,方丹
Jose Martinez,薩拉德
Val Caniparoli,馬天尼斯
Ben Van Cauwenbergh,卡尼柏諾烈
Ivan Favier,卓文伯格
Angelin Prejlocaj,法菲爾
,皮利洛察
David Monceau,蒙徹
Emmanuelle Vo-Dinh,艾曼紐‧汀
Wing Ng,伍頒恩
Anson Yiu,黎嘉恩
Peter Chan,姚安珊
Jack Chung,陳湛文
Hiro Hung,文傑聰
,洪瑞珙
(Chinese Only),萬瑪尖措
May Au,黃茹 舞者 歐嘉美
Re,程偉彬
,鄭凱欣
,譚芷翎
,黃頴欣
,陳慧敏
,康文英
,葉秀菁
,李秀嬌
,劉寶如
,梁麗珍
,施礎傑
,鄧永智 歌手/作曲/填詞/舞者 呂以輝 作曲/編曲/結他 史彦庭 編曲/鋼琴/和聲 范嘉駿 歌手/和聲/音樂創作 李
(Chinese Only),陳意蓉
,鄭翹欣
,張勁業
,錢穎兒
,曹冬兒
,賈亦勤
,劉珊珊
,梁偉軒
,呂以輝
,薛露珊
,曾楚翹
,曾婉琪
,王穎真
,林慧珊
,鄧芷淇
(Chinese Only),肖瀚
,肖瀚
,梁翠茵
,何美玲
,廖綺芬
,黃嘉恩
,邱慧珊
,張詠恩
(Chinese Only),梁翠茵
Lai Tsz Yu（Folding Echoes）,黎子瑜（回聲摺疊）
(Chinese Only),邢亮
,王佳妮
,高誠誠
,鄒鈺文
,胡興東
,譚嘉儀
(Chinese Only),鄧樹榮
